date,open,high,low,close,adj_close,volume
2011-01-07,430.5,437.38,419.54,421.34,286.04,29933760
2011-01-14,421.88,430.39,398.12,400.54,271.92,65419736
2011-01-21,400.0,416.96,398.91,405.48,275.27,36809544
2011-01-28,405.0,413.11,392.58,396.02,268.85,42822216
2011-02-04,392.31,395.5,378.3,380.99,258.65,40235072
2011-02-11,384.36,394.96,377.54,380.11,258.05,40335568
2011-02-18,380.5,393.12,380.06,387.54,263.09,24994672
2011-02-25,387.5,397.23,370.75,375.91,255.2,49414224
2011-03-04,377.75,391.85,370.92,382.77,259.86,45234872
2011-03-11,379.5,391.6,377.52,381.74,259.15,33265152
2011-03-18,379.38,388.5,366.58,367.64,249.58,33979872
2011-03-25,368.92,398.12,363.04,395.38,268.42,39845584
2011-04-01,392.38,408.12,388.72,402.27,273.09,51953568
2011-04-08,403.12,412.38,400.93,403.41,273.87,27078664
2011-04-15,399.41,414.64,372.19,373.69,253.69,100088704
2011-04-22,364.88,370.88,360.0,363.75,246.94,102200896
2011-04-29,364.38,370.58,360.99,363.28,246.63,83413088
2011-05-06,364.88,369.64,354.62,361.62,245.5,68218520
2011-05-13,363.75,365.61,358.44,359.79,244.26,29500456
2011-05-20,359.5,360.29,350.38,356.23,241.84,39695968
2011-05-27,355.98,357.98,344.58,348.44,238.26,40220880
2011-06-03,350.76,355.35,345.12,352.02,240.71,48794496
2011-06-10,352.75,363.0,349.39,357.79,244.65,29102776
2011-06-17,356.06,360.44,341.41,346.21,236.73,39093296
2011-06-24,346.04,359.71,331.56,357.49,244.45,41004024
2011-07-01,353.96,371.24,352.53,366.77,250.79,37756144
2011-07-08,370.83,377.99,365.75,372.07,254.42,25399808
2011-07-15,369.24,372.01,340.0,341.42,233.46,69481192
2011-07-22,341.88,355.5,338.42,353.53,241.74,37602504
2011-07-29,352.25,354.49,340.67,346.99,237.27,41998400
2011-08-05,347.51,352.98,315.62,323.9,221.48,38961528
2011-08-12,312.5,312.5,292.79,296.9,203.02,69280256
2011-08-19,303.75,308.51,271.45,278.09,190.15,58251896
2011-08-26,276.74,287.83,270.19,275.32,188.26,89333368
2011-09-02,279.88,298.12,279.0,289.9,198.23,38326352
2011-09-09,286.71,294.25,277.78,284.29,194.39,58296648
2011-09-16,276.0,307.24,272.58,299.39,204.72,60807920
2011-09-23,299.88,306.86,290.12,292.35,199.9,42456104
2011-09-30,293.12,321.24,287.64,316.63,216.51,70934072
2011-10-07,311.25,321.86,301.7,313.59,214.43,46953192
2011-10-14,318.12,344.59,311.25,342.97,234.52,111561912
2011-10-21,345.14,345.61,335.94,340.33,234.0,47230944
2011-10-28,343.75,371.42,342.65,357.33,245.69,46621960
2011-11-04,357.0,362.22,345.9,353.24,242.88,41938984
2011-11-11,351.88,358.41,326.34,346.96,238.56,22228208
2011-11-18,351.27,354.05,340.0,342.6,235.56,27388592
2011-11-25,340.0,345.61,323.33,324.96,223.43,58272424
2011-12-02,327.51,339.43,320.12,336.77,231.55,47166424
2011-12-09,336.25,346.55,332.52,338.79,232.94,33404912
2011-12-16,339.99,348.6,333.12,340.56,234.16,54254224
2011-12-23,336.25,344.35,331.25,336.84,231.6,50724392
2011-12-30,336.38,350.5,336.38,345.96,237.87,31412000
2012-01-06,344.9,360.87,342.75,354.02,243.41,36283512
2012-01-13,355.94,361.86,319.03,323.02,222.1,103110304
2012-01-20,322.66,334.1,322.04,323.6,222.5,52917632
2012-01-27,323.75,341.88,323.62,340.62,234.2,33578304
2012-02-03,337.36,349.0,336.25,347.91,239.21,47692144
2012-02-10,350.64,352.76,339.21,348.8,239.82,37165272
2012-02-17,346.91,372.25,344.64,368.48,253.35,38103936
2012-02-24,366.25,374.25,363.15,368.51,253.37,35473744
2012-03-02,370.62,370.62,350.62,355.71,244.58,39613464
2012-03-09,357.26,362.88,349.59,356.91,245.4,30683520
2012-03-16,364.38,364.38,347.62,358.12,246.23,40889352
2012-03-23,361.88,362.5,350.38,359.09,246.9,32699952
2012-03-30,358.62,362.97,345.98,358.29,246.35,40397144
2012-04-06,358.0,361.09,355.12,356.39,245.04,15557312
2012-04-13,354.69,357.42,298.64,300.32,206.49,109025440
2012-04-20,300.0,303.55,291.63,300.92,206.91,104964928
2012-04-27,298.75,299.75,274.79,298.88,205.5,127012640
2012-05-04,299.0,312.25,298.79,305.24,209.88,43195912
2012-05-11,301.12,306.1,286.51,288.91,198.65,50720120
2012-05-18,290.02,303.62,287.77,297.86,204.8,38520432
2012-05-25,298.11,298.61,288.4,296.61,206.75,27927776
2012-06-01,299.25,319.0,295.33,298.65,208.18,46091424
2012-06-08,296.75,311.11,293.12,302.41,210.8,31793904
2012-06-15,303.38,316.5,300.27,315.32,219.8,28041096
2012-06-22,316.88,318.04,303.31,309.31,215.61,33018032
2012-06-29,309.36,314.88,303.69,313.65,218.63,43934936
2012-07-06,312.88,314.85,305.0,305.58,213.01,28662744
2012-07-13,302.64,312.8,277.25,278.73,194.29,112343648
2012-07-20,278.75,281.25,270.29,277.34,193.33,55883712
2012-07-27,275.0,276.5,262.66,268.58,187.22,39918680
2012-08-03,270.0,279.5,269.69,276.06,192.43,22644968
2012-08-10,277.77,290.12,275.92,289.13,201.54,29322016
2012-08-17,287.66,294.38,286.17,293.88,204.85,20281648
2012-08-24,295.62,310.38,295.62,305.6,213.02,38802672
2012-08-31,303.77,306.43,294.34,295.21,205.78,36160288
2012-09-07,295.75,311.75,291.52,310.91,216.72,24367144
2012-09-14,312.0,330.59,309.33,329.01,229.34,33740104
2012-09-21,331.12,331.25,318.38,324.16,225.96,40962480
2012-09-28,325.0,326.38,315.77,316.87,220.88,49701792
2012-10-05,318.91,327.52,257.57,315.86,220.17,35446192
2012-10-12,315.6,322.51,288.88,299.42,208.71,94762040
2012-10-19,298.21,301.5,293.14,297.92,208.99,48909264
2012-10-26,296.03,299.75,291.27,293.09,205.61,20566784
2012-11-02,290.12,300.58,288.41,298.51,209.41,31042432
2012-11-09,297.89,301.75,293.12,293.59,205.95,27638312
2012-11-16,294.38,298.38,284.85,292.92,205.48,26522344
2012-11-23,293.0,299.88,289.1,297.19,208.48,25771288
2012-11-30,298.84,310.0,298.84,304.61,213.68,26921168
2012-12-07,304.62,306.62,288.89,290.14,203.54,44206136
2012-12-14,290.12,293.0,283.25,284.85,199.82,52049136
2012-12-21,283.38,290.16,280.62,287.11,201.41,44611280
2012-12-28,290.14,291.36,284.58,290.4,203.72,22762040
2013-01-04,289.38,294.37,287.94,293.69,206.03,29815056
2013-01-11,293.89,340.25,288.65,339.01,237.82,131532600
2013-01-18,344.98,354.62,344.03,348.51,244.48,102021128
2013-01-25,345.38,353.5,345.38,351.83,246.81,38122384
2013-02-01,351.5,353.45,344.0,346.37,242.98,45105808
2013-02-08,347.62,352.09,343.12,348.68,244.6,38950640
2013-02-15,350.16,353.5,342.72,348.58,244.53,30248328
2013-02-22,347.88,356.88,345.38,355.07,249.08,27205632
2013-03-01,358.75,371.17,358.45,364.23,255.51,49883688
2013-03-08,365.75,376.23,359.02,371.28,260.46,49364000
2013-03-15,372.73,373.75,355.36,359.78,252.39,36903464
2013-03-22,358.28,361.81,353.44,357.9,251.07,44727976
2013-03-29,355.65,362.12,354.08,361.17,253.36,20800488
2013-04-05,363.84,374.94,356.25,358.23,251.3,37371320
2013-04-12,356.25,366.95,283.59,287.08,201.39,136155048
2013-04-19,286.25,294.62,275.5,286.96,201.31,109235224
2013-04-26,286.45,286.62,275.31,276.5,193.97,48163176
2013-05-03,275.75,290.5,273.25,288.49,202.38,36299776
2013-05-10,289.38,298.12,289.38,296.44,207.96,29357024
2013-05-17,294.38,296.59,289.16,293.97,206.22,31816088
2013-05-24,293.25,304.12,291.75,293.49,205.88,29453320
2013-05-31,292.65,304.36,289.56,301.46,213.93,37563584
2013-06-07,315.62,328.12,301.99,305.85,217.05,64135992
2013-06-14,307.5,314.31,296.88,299.37,212.45,25912424
2013-06-21,301.43,307.5,292.84,302.34,214.56,25806536
2013-06-28,300.31,313.47,293.12,312.36,221.66,41072760
2013-07-05,308.62,310.44,299.08,307.02,217.88,24217912
2013-07-12,310.62,363.2,307.56,350.52,248.75,89469952
2013-07-19,348.13,358.12,335.13,355.93,252.59,55232360
2013-07-26,352.77,369.12,352.75,364.16,258.43,31872224
2013-08-02,363.75,377.5,363.75,376.1,266.9,43159416
2013-08-09,374.85,378.12,367.5,370.57,262.97,30803592
2013-08-16,372.0,386.86,370.96,372.3,264.2,39227512
2013-08-23,373.76,379.56,365.26,375.09,266.18,39612648
2013-08-30,377.49,391.25,376.06,388.23,275.51,61191640
2013-09-06,384.64,392.49,374.39,378.63,268.7,43294752
2013-09-13,379.0,398.5,376.66,378.51,268.61,47237640
2013-09-20,378.12,382.24,372.51,374.39,265.69,45118800
2013-09-27,375.62,381.38,373.88,375.83,266.7,45103416
2013-10-04,377.52,381.88,374.69,377.05,267.57,36028928
2013-10-11,376.88,417.25,375.8,409.31,290.47,103875336
2013-10-18,407.0,420.88,407.0,414.32,295.78,43910816
2013-10-25,416.62,422.21,408.14,416.44,297.3,35645616
2013-11-01,414.65,420.62,408.67,409.59,292.41,30058176
2013-11-08,406.5,424.99,404.12,420.01,299.85,24833720
2013-11-15,418.75,424.75,414.51,419.28,299.33,23286424
2013-11-22,423.88,431.0,414.14,418.45,298.73,30824784
2013-11-29,419.0,422.35,408.12,419.32,299.35,32719544
2013-12-06,419.0,424.88,414.77,415.73,296.79,33017656
2013-12-13,420.62,423.73,415.13,421.73,301.08,41295344
2013-12-20,422.5,446.62,419.23,443.92,316.92,46031904
2013-12-27,437.5,446.5,432.57,445.16,317.8,30207808
2014-01-03,445.96,446.88,431.78,445.64,318.15,31384016
2014-01-10,446.89,447.56,427.23,443.91,316.91,70651392
2014-01-17,447.75,470.58,447.75,466.22,332.84,84952016
2014-01-24,464.0,474.88,463.06,469.77,335.37,43418096
2014-01-31,465.0,470.49,456.71,462.64,330.28,42863232
2014-02-07,460.62,461.5,442.62,445.82,318.27,26547576
2014-02-14,447.49,458.0,444.69,455.54,325.21,25642216
2014-02-21,460.62,470.25,455.88,468.84,334.71,39947296
2014-02-28,468.25,479.64,466.25,478.11,341.32,29648784
2014-03-07,478.12,481.24,463.54,467.54,333.78,40384648
2014-03-14,466.21,466.21,416.88,424.27,302.89,67455272
2014-03-21,425.0,426.49,404.84,413.21,294.99,47985512
2014-03-28,409.02,414.81,401.99,407.83,291.15,44913168
2014-04-04,410.66,419.5,403.76,414.51,295.92,32075480
2014-04-11,412.25,414.31,395.62,404.39,288.7,57703800
2014-04-18,416.52,423.5,393.44,399.01,284.85,42372600
2014-04-25,401.25,402.5,392.8,396.95,283.39,30726144
2014-05-02,396.12,405.88,395.62,402.46,287.32,23384272
2014-05-09,399.0,404.12,380.81,388.93,277.66,39700176
2014-05-16,389.77,417.5,382.38,397.19,283.56,42126840
2014-05-23,399.75,399.75,375.01,383.69,273.92,51736680
2014-05-30,383.88,398.5,360.0,367.42,265.91,85500936
2014-06-06,370.06,383.55,368.75,375.38,271.67,47598944
2014-06-13,375.75,412.13,372.01,398.38,288.31,72993824
2014-06-20,398.25,417.42,397.5,414.58,300.03,49412704
2014-06-27,412.5,413.62,396.09,402.92,291.6,37666952
2014-07-04,402.5,407.88,398.81,405.74,293.64,31330600
2014-07-11,408.12,429.0,406.33,415.83,300.94,58541520
2014-07-18,414.38,418.24,398.23,406.44,294.15,26005928
2014-07-25,406.88,424.88,398.51,419.02,303.25,38905896
2014-08-01,418.12,424.36,415.11,417.66,302.27,30600344
2014-08-08,419.38,451.04,418.66,435.33,315.05,53642344
2014-08-15,440.5,453.46,438.75,451.57,326.81,27249448
2014-08-22,451.5,451.5,441.25,450.12,325.76,26294856
2014-08-29,449.88,456.25,445.26,449.85,325.56,23209656
2014-09-05,451.26,474.38,444.44,466.34,337.5,31791360
2014-09-12,466.59,473.81,453.83,458.74,331.99,24835432
2014-09-19,458.12,473.49,452.95,462.76,334.9,41779616
2014-09-26,460.0,465.03,449.44,460.02,332.92,60979256
2014-10-03,462.62,482.49,460.14,480.91,348.04,21394376
2014-10-10,471.16,488.5,446.59,486.08,351.78,98717024
2014-10-17,486.16,498.12,479.64,481.46,351.12,42794904
2014-10-24,481.62,482.82,463.75,474.51,346.06,39137424
2014-10-31,481.25,508.25,470.62,506.41,369.32,43579464
2014-11-07,509.61,522.88,504.06,520.83,379.84,28789888
2014-11-14,521.88,526.43,512.14,523.96,382.12,27432008
2014-11-21,523.12,529.06,512.7,518.27,377.97,31737624
2014-11-28,525.0,549.75,523.99,544.98,397.45,65601112
2014-12-05,548.38,550.28,514.95,517.58,377.47,58529888
2014-12-12,502.25,504.75,478.75,484.66,353.46,207034012
2014-12-19,476.24,502.0,474.08,499.66,364.4,82855428
2014-12-26,501.5,505.48,478.76,488.06,355.94,48270292
2015-01-02,489.01,504.76,487.5,503.3,367.06,23183120
2015-01-09,502.48,527.25,478.26,518.61,378.22,85282504
2015-01-16,523.0,540.0,518.75,529.58,386.22,46514796
2015-01-23,530.0,556.25,523.65,553.76,403.86,38831880
2015-01-30,555.25,555.25,531.74,535.47,390.52,53077492
2015-02-06,535.38,561.95,525.5,557.62,406.67,38458176
2015-02-13,550.0,581.67,550.0,574.03,418.63,32795812
2015-02-20,570.08,584.0,564.54,570.78,416.26,31503292
2015-02-27,575.0,583.7,561.35,566.44,413.1,31819988
2015-03-06,575.75,578.47,558.34,561.9,409.79,22006688
2015-03-13,564.75,564.75,540.05,555.1,404.83,32963796
2015-03-20,552.64,570.5,552.64,564.36,411.59,30586144
2015-03-27,563.25,568.75,533.0,550.54,401.51,43801260
2015-04-03,551.4,568.41,539.42,543.49,396.36,19377988
2015-04-10,544.75,559.5,534.5,558.49,407.3,44174920
2015-04-17,559.5,561.25,538.36,544.81,397.33,26568248
2015-04-24,544.0,545.0,495.0,498.8,363.77,89515268
2015-05-01,500.0,500.5,483.08,485.56,354.12,51639456
2015-05-08,489.88,500.92,477.5,489.49,356.98,45836176
2015-05-15,491.25,500.0,477.0,490.44,357.67,31592676
2015-05-22,492.5,515.47,490.4,511.61,373.12,39572376
2015-05-29,512.62,514.14,488.75,505.79,368.87,47069140
2015-06-05,508.2,516.0,501.25,502.91,366.77,29509080
2015-06-12,505.0,511.19,488.88,493.76,360.1,39171016
2015-06-19,488.48,510.5,484.0,497.67,368.46,27016822
2015-06-26,502.45,514.38,493.83,502.62,372.12,32174428
2015-07-03,493.5,502.5,490.0,495.15,366.59,25486924
2015-07-10,492.5,495.0,466.33,468.75,347.04,30826492
2015-07-17,470.5,502.25,467.02,500.92,370.86,22949324
2015-07-24,500.7,574.5,493.7,543.8,402.61,67544002
2015-07-31,543.45,546.0,527.12,538.53,398.7,42187790
2015-08-07,539.0,552.75,525.5,547.8,405.57,34039852
2015-08-14,549.0,584.35,527.78,574.62,425.43,36632626
2015-08-21,575.0,593.1,558.75,574.95,425.67,33318656
2015-08-28,554.97,562.45,522.25,555.53,411.29,61908186
2015-09-04,567.42,567.42,533.5,536.97,397.55,46069868
2015-09-11,542.47,553.2,526.15,545.38,403.77,38035962
2015-09-18,549.5,558.95,541.33,552.22,408.84,30904078
2015-09-25,550.0,576.35,546.25,570.28,422.21,32135736
2015-10-02,569.97,598.88,548.75,586.53,434.24,38847920
2015-10-09,586.5,596.28,563.03,583.7,432.15,45639140
2015-10-16,599.5,609.9,542.6,547.45,409.03,69272000
2015-10-23,551.0,576.5,550.25,574.95,429.58,29447264
2015-10-30,577.0,579.25,565.0,567.72,424.18,23647162
2015-11-06,565.0,578.8,557.05,569.15,425.25,15736720
2015-11-13,560.0,570.0,545.0,550.4,411.24,14326596
2015-11-20,541.83,547.0,505.62,526.2,393.16,38740292
2015-11-27,525.0,535.0,518.5,533.17,398.37,24938598
2015-12-04,535.0,549.15,520.05,524.53,391.91,44281956
2015-12-11,527.65,531.38,511.27,526.4,393.31,28034440
2015-12-18,524.75,554.9,524.03,541.58,404.65,27922934
2015-12-25,538.5,553.7,532.97,548.17,409.58,12541248
2016-01-01,545.0,555.0,541.5,552.62,412.9,23776472
2016-01-08,549.97,551.22,523.95,531.65,397.23,22964280
2016-01-15,528.15,582.0,515.42,569.95,425.85,63940748
2016-01-22,569.95,581.05,558.5,568.12,424.48,38254064
2016-01-29,570.12,585.0,562.28,582.45,435.19,29571930
2016-02-05,585.0,597.47,576.38,587.35,438.85,26663364
2016-02-12,581.88,586.1,533.5,542.33,405.21,30289144
2016-02-19,548.12,567.1,536.85,563.62,421.12,22546614
2016-02-26,565.5,571.88,550.55,560.58,418.84,20029848
2016-03-04,564.75,596.42,534.15,585.33,437.33,31863112
2016-03-11,581.5,595.25,569.1,571.5,427.0,42363092
2016-03-18,573.0,599.5,564.47,596.7,445.83,31435414
2016-03-25,594.0,605.35,586.0,603.9,451.21,18569518
2016-04-01,616.2,618.5,595.78,602.72,450.33,47047432
2016-04-08,606.78,624.0,581.03,582.88,435.5,24152592
2016-04-15,582.9,597.47,575.55,586.35,438.1,24122202
2016-04-22,625.0,633.95,603.5,605.62,452.5,43673876
2016-04-29,606.03,621.17,600.55,604.05,451.32,32898664
2016-05-06,605.0,606.1,585.33,590.75,441.39,25152290
2016-05-13,591.0,608.33,590.3,603.62,451.01,21288266
2016-05-20,605.1,612.88,598.95,600.8,448.9,20535716
2016-05-27,601.7,629.75,588.8,623.75,466.04,24245602
2016-06-03,620.75,639.65,619.5,633.45,473.29,32960204
2016-06-10,632.45,638.5,585.05,590.3,446.19,37784318
2016-06-17,588.4,596.38,583.0,589.75,445.77,28756668
2016-06-24,590.5,607.42,580.0,597.28,451.46,25659522
2016-07-01,586.03,592.25,577.55,586.2,443.09,32037038
2016-07-08,588.1,597.3,576.75,579.1,437.72,20484262
2016-07-15,583.7,598.03,526.0,536.28,405.35,87039124
2016-07-22,538.62,545.0,527.58,536.22,405.31,52614904
2016-07-29,531.5,548.25,531.5,536.92,405.84,42506328
2016-08-05,535.75,543.92,530.0,534.0,403.63,32979870
2016-08-12,534.5,547.5,530.0,531.28,401.57,29900662
2016-08-19,521.0,529.03,509.23,510.65,385.98,37148740
2016-08-26,509.0,531.03,504.55,510.12,385.58,35467238
2016-09-02,508.8,522.88,505.5,515.92,389.97,26945952
2016-09-09,519.12,529.5,512.0,517.75,391.35,29786726
2016-09-16,512.62,532.25,512.62,530.08,400.66,26006620
2016-09-23,523.0,534.45,520.0,521.28,394.01,23089498
2016-09-30,521.38,524.95,512.0,518.03,391.56,33737158
2016-10-07,517.75,525.7,505.05,506.27,382.67,21040760
2016-10-14,508.5,541.35,498.12,513.58,388.19,48653550
2016-10-21,517.47,525.35,508.67,519.15,396.62,25311938
2016-10-28,518.75,521.35,496.58,498.75,381.03,24382700
2016-11-04,503.4,503.4,480.5,485.5,370.91,22940648
2016-11-11,492.5,493.88,450.5,460.77,352.02,36947050
2016-11-18,462.0,478.42,454.27,460.0,351.43,33205424
2016-11-25,463.45,492.5,453.48,488.75,373.39,51087504
2016-12-02,489.65,492.35,480.52,482.25,368.42,31056954
2016-12-09,482.95,504.08,479.0,494.67,377.92,25197712
2016-12-16,491.4,509.48,482.6,502.58,383.95,29985074
2016-12-23,503.05,511.0,484.75,494.23,377.57,33470698
2016-12-30,494.0,506.0,487.55,505.3,386.03,27111352
2017-01-06,505.55,506.48,484.02,486.12,371.39,38787812
2017-01-13,486.12,520.0,481.35,487.9,372.74,77859106
2017-01-20,482.5,482.73,473.0,474.35,362.39,41865650
2017-01-27,472.5,479.0,450.58,471.08,359.89,35387818
2017-02-03,468.75,475.75,452.17,468.05,357.58,67221750
2017-02-10,468.62,486.0,464.27,484.15,369.88,46475616
2017-02-17,486.42,506.95,481.42,500.05,382.02,47989638
2017-02-24,498.25,515.5,493.2,504.42,385.37,28415152
2017-03-03,503.65,517.15,500.2,515.6,393.9,23901386
2017-03-10,510.02,517.97,499.5,510.92,390.33,24141012
2017-03-17,511.4,521.45,503.75,520.15,397.38,30463176
2017-03-24,513.28,522.0,507.55,515.7,393.98,22673382
2017-03-31,513.6,520.92,504.0,511.12,390.48,45773840
2017-04-07,516.08,516.22,489.5,490.77,374.94,23497454
2017-04-14,492.45,495.0,463.33,465.7,355.78,55853878
2017-04-21,465.0,467.4,456.33,461.85,352.84,30059120
2017-04-28,458.75,467.77,455.1,459.48,351.03,32205132
2017-05-05,462.0,469.83,457.55,465.75,355.82,17603168
2017-05-12,469.0,483.0,466.0,482.12,368.33,27930250
2017-05-19,481.75,486.95,471.42,478.98,365.92,28658084
2017-05-26,479.2,500.0,474.8,497.85,380.34,30605838
2017-06-02,495.45,500.0,479.27,484.73,375.99,27215816
2017-06-09,485.0,494.45,461.5,474.3,367.91,45879444
2017-06-16,471.67,483.98,468.0,470.12,364.67,37444092
2017-06-23,469.98,484.35,464.0,471.62,365.83,31644380
2017-06-30,472.5,474.0,460.5,467.77,362.84,32940624
2017-07-07,470.55,485.0,466.52,467.7,362.79,24089484
2017-07-14,471.6,503.42,470.0,486.02,377.0,46928632
2017-07-21,487.5,502.4,483.48,490.05,380.12,34639202
2017-07-28,491.75,502.0,481.15,498.67,386.81,43920094
2017-08-04,495.95,510.85,488.02,491.88,381.54,41094596
2017-08-11,491.75,498.5,477.52,493.85,383.07,31685642
2017-08-18,494.0,514.62,442.1,461.62,358.07,200183770
2017-08-25,462.0,462.0,430.0,456.08,353.77,243314488
2017-09-01,471.98,476.98,455.0,459.98,356.79,93687538
2017-09-08,460.5,460.55,441.05,442.15,342.97,42542144
2017-09-15,445.2,456.62,436.83,454.12,352.26,69664690
2017-09-22,455.0,458.88,444.0,449.15,348.4,46085260
2017-09-29,450.5,454.2,444.55,449.95,349.02,45698414
2017-10-06,455.05,461.0,448.58,460.08,356.87,27124622
2017-10-13,460.0,469.98,457.0,465.05,360.73,34092256
2017-10-20,467.98,471.0,461.48,463.48,359.51,19707138
2017-10-27,465.0,478.85,457.62,473.17,367.03,79851772
2017-11-03,477.33,477.33,458.48,463.33,364.41,36941672
2017-11-10,461.58,482.17,461.33,481.02,378.33,35192008
2017-11-17,481.02,497.95,471.62,485.48,381.83,41523614
2017-11-24,484.5,509.65,478.62,504.77,397.01,47625296
2017-12-01,503.35,503.35,478.52,479.4,377.05,35824612
2017-12-08,490.0,503.5,484.27,500.92,393.98,48811226
2017-12-15,497.48,513.2,496.98,511.45,402.26,36229636
2017-12-22,505.95,522.4,499.2,519.67,408.73,39306774
2017-12-29,515.0,524.4,511.5,521.03,409.79,32814318
2018-01-05,518.85,522.25,503.0,506.0,397.97,38363730
2018-01-12,512.45,542.95,510.02,539.22,424.11,59803386
2018-01-19,540.0,582.45,532.55,571.72,449.67,78643552
2018-01-26,566.08,610.53,566.0,587.7,462.23,59207642
2018-02-02,583.28,598.12,559.28,571.62,449.59,51914952
2018-02-09,570.0,577.42,547.58,554.58,436.18,41944288
2018-02-16,557.4,570.83,545.1,564.03,443.61,32513642
2018-02-23,564.2,583.0,551.88,577.83,454.47,54741594
2018-03-02,575.5,594.75,562.83,580.38,456.47,35547902
2018-03-09,580.38,585.4,569.03,581.7,457.51,31475584
2018-03-16,588.0,598.5,584.55,585.95,460.86,44744058
2018-03-23,582.0,590.25,571.17,583.8,459.16,42594632
2018-03-30,583.45,583.45,563.12,565.9,445.09,25291132
2018-04-06,570.5,575.65,560.0,563.5,443.2,30664458
2018-04-13,562.5,592.95,552.7,585.72,460.68,63425918
2018-04-20,551.0,596.85,551.0,589.22,463.43,78371638
2018-04-27,584.0,607.2,572.6,592.6,466.09,60916486
2018-05-04,590.85,603.97,577.5,586.55,461.33,27162318
2018-05-11,590.62,595.0,580.53,590.38,464.34,20635588
2018-05-18,592.17,604.0,585.0,591.6,465.3,32908330
2018-05-25,589.78,624.33,585.0,614.15,483.04,42292574
2018-06-01,615.5,623.12,602.8,610.4,480.09,40170490
2018-06-08,610.55,631.0,606.0,630.03,495.52,26155306
2018-06-15,632.78,645.75,617.05,640.62,516.21,46334646
2018-06-22,642.0,645.62,618.0,623.92,502.75,31274256
2018-06-29,628.58,657.5,627.0,653.6,526.66,40130242
2018-07-06,657.0,678.95,634.05,642.12,517.42,46218576
2018-07-13,648.5,671.05,639.53,658.7,530.77,57287716
2018-07-20,658.7,692.2,643.85,674.05,543.14,70249988
2018-07-27,676.08,696.9,668.12,686.72,553.36,34640320
2018-08-03,685.0,686.5,667.78,682.05,549.59,28940804
2018-08-10,683.03,694.72,673.75,692.72,558.19,28711860
2018-08-17,695.0,718.83,689.35,715.17,576.28,29148248
2018-08-24,694.0,703.97,686.75,689.15,555.31,39233540
2018-08-31,691.5,727.15,690.7,720.55,580.61,41540162
2018-09-07,724.5,748.5,715.0,732.8,590.48,47114694
2018-09-14,737.75,747.0,729.05,733.7,591.21,25126563
2018-09-21,735.0,740.0,692.0,705.3,568.32,32357053
2018-09-28,706.5,736.0,706.5,730.05,588.27,46922407
2018-10-05,737.5,754.9,702.5,724.6,583.87,30761477
2018-10-12,725.05,728.7,661.5,678.8,546.97,42797887
2018-10-19,688.6,721.8,678.0,683.55,550.8,48592837
2018-10-26,688.7,695.05,629.9,633.6,516.11,36507315
2018-11-02,633.7,692.95,631.5,662.25,539.45,40393163
2018-11-09,663.5,679.0,655.5,659.5,537.2,23228050
2018-11-16,666.0,676.4,640.5,650.85,530.16,32676089
2018-11-23,659.0,662.0,612.1,620.75,505.64,32395821
2018-11-30,621.0,674.9,599.85,667.45,543.68,68925793
2018-12-07,673.15,688.25,664.55,682.8,556.18,34859820
2018-12-14,669.9,713.7,660.6,706.05,575.12,36250362
2018-12-21,711.85,711.85,643.45,646.2,526.37,45602614
2018-12-28,657.0,663.5,637.35,656.95,535.13,34628877
2019-01-04,660.0,677.0,651.0,661.05,538.47,28449923
2019-01-11,665.0,689.8,661.5,683.5,556.75,56652573
2019-01-18,707.0,739.0,695.95,730.95,595.41,61449107
2019-01-25,738.2,751.0,721.0,730.35,598.19,35037791
2019-02-01,731.0,762.5,716.5,757.05,620.06,40570356
2019-02-08,757.0,772.25,747.0,760.9,623.21,24397205
2019-02-15,766.9,768.75,732.6,741.95,607.69,23007830
2019-02-22,742.35,747.65,721.3,734.95,601.95,30912453
2019-03-01,735.55,758.0,732.3,741.9,607.65,33362263
2019-03-08,740.5,742.5,710.65,712.35,583.44,24048718
2019-03-15,713.3,723.75,705.6,718.55,588.52,54332303
2019-03-22,721.55,746.35,705.35,743.1,608.63,39337314
2019-03-29,742.4,745.0,719.1,737.8,604.29,33715955
2019-04-05,742.0,765.8,742.0,759.3,621.9,34730274
2019-04-12,763.05,773.0,740.05,747.75,612.44,33925898
2019-04-19,724.7,731.35,712.6,717.05,587.29,57900319
2019-04-26,717.05,739.8,715.0,738.0,604.45,35157617
2019-05-03,738.0,753.8,718.2,723.6,592.66,22619514
2019-05-10,715.0,730.3,710.65,716.85,587.13,36602303
2019-05-17,716.55,737.0,703.6,723.9,592.9,38615427
2019-05-24,719.7,726.4,697.45,709.2,580.86,39905116
2019-05-31,707.4,742.95,705.5,737.75,604.25,67780713
2019-06-07,729.8,750.9,729.0,739.1,605.35,30260746
2019-06-14,740.1,759.0,738.25,740.45,615.03,29271547
2019-06-21,743.0,756.9,735.9,750.2,623.12,34233681
2019-06-28,751.9,751.9,728.15,732.0,608.01,30925059
2019-07-05,735.0,743.2,713.5,718.0,596.38,22221306
2019-07-12,716.45,730.6,706.5,726.75,603.65,33900675
2019-07-19,763.0,798.5,754.2,785.4,652.36,61090047
2019-07-26,785.95,804.0,782.05,787.0,653.69,38350192
2019-08-02,789.5,799.8,762.25,775.6,644.22,43172896
2019-08-09,772.6,796.75,768.65,789.85,656.06,36809942
2019-08-16,784.15,786.0,760.15,774.55,643.35,18586155
2019-08-23,775.6,809.95,773.35,802.2,666.32,30361194
2019-08-30,795.9,817.35,781.1,814.9,676.87,43359449
2019-09-06,815.0,847.0,810.25,840.15,697.84,25879839
2019-09-13,836.8,840.3,810.85,829.3,688.83,21590944
2019-09-20,832.05,837.95,802.0,805.0,668.64,42650759
2019-09-27,806.9,806.9,741.9,782.2,649.7,63841300
2019-10-04,785.1,808.0,784.15,793.45,659.05,27758914
2019-10-11,794.85,823.8,776.6,814.8,676.78,41054131
2019-10-18,786.75,797.0,760.0,767.85,637.79,59577718
2019-10-25,691.1,691.1,615.1,637.45,536.14,192885189
2019-11-01,651.1,695.45,645.55,687.9,578.57,79653932
2019-11-08,681.8,732.5,678.15,708.15,595.6,85971743
2019-11-15,698.9,712.95,687.75,703.9,592.03,34827709
2019-11-22,705.0,721.45,685.1,693.2,583.03,44237771
2019-11-29,693.35,707.25,686.0,696.35,585.68,47549314
2019-12-06,703.1,720.0,688.55,715.1,601.45,32091153
2019-12-13,716.0,722.7,699.55,711.3,598.25,38351812
2019-12-20,712.3,737.3,710.2,731.55,615.28,43350561
2019-12-27,732.15,737.5,726.55,736.95,619.82,15087267
2020-01-03,736.1,748.0,725.45,746.0,627.44,27949854
2020-01-10,746.1,753.8,708.3,738.15,620.83,45920800
2020-01-17,760.0,777.5,755.0,767.85,645.81,63917429
2020-01-24,771.6,786.5,760.75,782.75,658.35,38138496
2020-01-31,779.05,792.8,771.6,775.95,652.63,25647084
2020-02-07,782.0,790.95,764.5,777.3,653.76,28693431
2020-02-14,774.0,799.2,769.2,786.45,661.46,20798434
2020-02-21,790.3,806.1,783.3,797.0,670.33,16562736
2020-02-28,800.1,811.6,722.05,731.7,615.41,41732143
2020-03-06,737.0,773.55,729.1,738.95,621.51,45632869
2020-03-13,724.5,725.85,570.0,642.35,540.26,57342350
2020-03-20,622.0,622.15,509.25,585.2,492.19,88529107
2020-03-27,540.0,674.9,515.9,652.7,548.96,83851891
2020-04-03,625.1,663.5,582.15,585.7,492.61,53105804
2020-04-10,615.0,655.65,612.9,636.25,535.13,38883615
2020-04-17,629.0,653.3,603.5,628.75,528.82,46955330
2020-04-24,640.0,683.65,627.8,658.0,553.42,55021445
2020-05-01,661.05,720.0,653.05,715.5,601.78,39372754
2020-05-08,689.8,701.2,662.45,674.2,567.05,36629912
2020-05-15,682.5,699.9,646.7,652.3,548.63,49156941
2020-05-22,659.85,695.85,653.0,692.35,582.31,41213242
2020-05-29,693.0,710.0,674.95,691.0,589.09,53604461
2020-06-05,698.75,711.9,691.5,703.55,599.79,49215413
2020-06-12,707.65,729.6,675.5,692.05,589.98,46681214
2020-06-19,693.0,716.6,685.25,705.55,601.49,54390077
2020-06-26,707.1,751.6,692.1,748.2,637.85,71158066
2020-07-03,735.4,765.45,724.25,762.7,650.21,49903514
2020-07-10,765.2,796.95,761.5,781.85,666.54,48710751
2020-07-17,788.0,955.5,781.35,903.15,769.95,171942096
2020-07-24,908.5,949.7,900.65,922.85,786.74,76913925
2020-07-31,921.55,986.45,918.65,966.0,823.53,68995709
2020-08-07,960.0,974.4,938.3,950.9,810.66,48214577
2020-08-14,948.9,968.5,942.2,953.6,812.96,29189063
2020-08-21,954.1,972.45,946.55,948.8,808.87,33942989
2020-08-28,947.0,960.95,933.05,935.25,797.32,30933983
2020-09-04,935.25,950.5,912.1,919.15,783.59,42872536
2020-09-11,918.9,954.15,913.05,945.7,806.22,36965083
2020-09-18,957.0,1021.0,948.3,1002.15,854.35,72064915
2020-09-25,1001.0,1037.0,970.0,1011.45,862.28,67991113
2020-10-02,1014.8,1028.0,998.5,1017.65,867.56,30875164
2020-10-09,1018.05,1124.0,1018.05,1106.8,943.56,64637816
2020-10-16,1123.0,1186.0,1092.5,1127.5,961.21,111460871
2020-10-23,1135.0,1158.0,1110.0,1122.5,967.23,63503529
2020-10-30,1122.25,1129.6,1052.35,1060.6,913.89,39826241
2020-11-06,1065.0,1123.0,1051.1,1112.75,958.83,48466608
2020-11-13,1129.3,1146.0,1078.0,1124.2,968.69,53842177
2020-11-20,1137.0,1145.0,1091.1,1103.35,950.73,41945477
2020-11-27,1105.0,1154.9,1091.0,1100.0,947.84,64288891
2020-12-04,1105.05,1147.45,1105.05,1134.65,977.7,42452126
2020-12-11,1147.3,1179.5,1136.0,1163.2,1002.3,50202608
2020-12-18,1169.4,1195.0,1148.2,1189.8,1025.22,44076346
2020-12-25,1188.0,1258.85,1152.05,1236.05,1065.07,44952434
2021-01-01,1238.45,1265.5,1235.0,1260.45,1086.1,28363866
2021-01-08,1269.0,1316.8,1255.5,1312.1,1130.6,46656618
2021-01-15,1342.1,1392.8,1318.45,1344.95,1158.91,85821629
2021-01-22,1338.0,1361.05,1306.0,1340.85,1155.38,38462359
2021-01-29,1345.0,1347.9,1231.0,1239.05,1067.66,31520485
2021-02-05,1250.55,1304.0,1241.0,1272.1,1096.14,34465458
2021-02-12,1285.5,1332.0,1275.5,1309.8,1128.62,31310270
2021-02-19,1320.0,1328.4,1275.0,1291.3,1112.68,27662922
2021-02-26,1295.0,1308.55,1244.75,1253.3,1079.94,42442112
2021-03-05,1263.3,1363.85,1259.0,1316.7,1134.57,43802236
2021-03-12,1324.8,1391.7,1317.2,1374.85,1184.67,29025610
2021-03-19,1370.0,1406.0,1313.5,1344.45,1158.48,47367017
2021-03-26,1350.1,1383.25,1327.6,1336.2,1151.37,31834461
2021-04-02,1346.9,1400.0,1336.15,1385.2,1193.59,24442523
2021-04-09,1391.0,1455.0,1387.0,1441.05,1241.72,32859523
2021-04-16,1474.0,1477.55,1320.0,1353.75,1166.49,71462107
2021-04-23,1340.0,1379.7,1331.0,1333.8,1149.3,35007502
2021-04-30,1332.25,1373.9,1321.0,1354.35,1167.01,29370989
2021-05-07,1340.8,1373.05,1324.1,1352.55,1165.46,23188710
2021-05-14,1349.85,1352.9,1311.3,1316.4,1134.31,23682843
2021-05-21,1320.3,1357.5,1320.3,1354.5,1167.14,24532982
2021-05-28,1356.65,1416.25,1345.1,1405.05,1210.7,34801438
2021-06-04,1401.5,1401.5,1365.0,1385.65,1206.86,27803478
2021-06-11,1391.0,1451.6,1377.3,1446.9,1260.21,27546926
2021-06-18,1471.0,1515.8,1453.45,1503.3,1309.33,41409033
2021-06-25,1493.0,1578.0,1484.2,1574.2,1371.08,37977100
2021-07-02,1572.9,1591.0,1542.6,1567.8,1365.51,26971848
2021-07-09,1569.15,1586.75,1544.65,1562.9,1361.24,19708439
2021-07-16,1570.55,1596.85,1533.75,1555.45,1354.75,30989806
2021-07-23,1544.7,1598.5,1537.55,1590.45,1385.24,22773395
2021-07-30,1594.1,1623.4,1585.5,1610.5,1402.7,26061487
2021-08-06,1627.45,1679.9,1619.2,1650.2,1437.28,26982839
2021-08-13,1661.0,1722.5,1646.4,1712.2,1491.28,28037002
2021-08-20,1707.7,1755.5,1686.55,1732.95,1509.35,26967561
2021-08-27,1735.75,1757.0,1705.2,1708.8,1488.32,31946005
2021-09-03,1703.05,1718.65,1662.65,1700.65,1481.22,38786268
2021-09-10,1705.15,1734.9,1682.15,1691.6,1473.34,16312937
2021-09-17,1683.0,1719.25,1675.2,1691.3,1473.08,24371317
2021-09-24,1685.0,1788.0,1677.95,1763.85,1536.27,26993393
2021-10-01,1768.75,1769.0,1655.0,1665.15,1450.3,32043019
2021-10-08,1672.5,1731.5,1663.0,1723.85,1501.43,21806646
2021-10-15,1682.0,1783.6,1662.0,1715.75,1494.37,43039880
2021-10-22,1740.0,1848.0,1707.0,1719.8,1497.9,45787922
2021-10-29,1722.05,1734.15,1661.05,1667.75,1465.44,28072240
2021-11-05,1677.5,1717.45,1676.0,1708.7,1501.42,11122698
2021-11-12,1730.0,1782.85,1703.0,1780.2,1564.25,23842763
2021-11-19,1782.1,1808.95,1759.0,1779.4,1563.54,19447723
2021-11-26,1784.0,1785.4,1684.0,1691.65,1486.44,31361501
2021-12-03,1691.0,1786.65,1669.15,1735.55,1525.01,36258589
2021-12-10,1730.0,1769.4,1691.5,1759.25,1545.84,15128380
2021-12-17,1767.05,1842.0,1710.35,1820.85,1599.97,35230151
2021-12-24,1801.7,1875.75,1787.3,1863.5,1637.44,23177183
2021-12-31,1860.0,1909.8,1845.05,1887.75,1658.75,18429459
2022-01-07,1887.75,1914.05,1800.0,1814.3,1594.21,25530928
2022-01-14,1815.0,1933.0,1813.0,1929.35,1695.3,40328518
2022-01-21,1938.55,1953.9,1776.0,1785.7,1569.08,28486770
2022-01-28,1765.0,1768.65,1665.0,1686.2,1481.65,38484601
2022-02-04,1718.0,1792.8,1710.15,1741.1,1529.89,26695523
2022-02-11,1722.2,1773.9,1695.4,1721.35,1512.54,26116855
2022-02-18,1690.0,1755.45,1678.25,1706.95,1499.88,27020359
2022-02-25,1701.0,1758.25,1670.5,1694.6,1489.03,42807876
2022-03-04,1682.2,1736.0,1665.0,1723.3,1514.25,38266677
2022-03-11,1697.0,1844.75,1696.0,1822.0,1600.98,42226442
2022-03-18,1831.55,1923.3,1830.0,1854.6,1629.62,40395605
2022-03-25,1861.0,1900.0,1839.0,1876.55,1648.91,27487182
2022-04-01,1866.0,1919.0,1852.65,1903.55,1672.63,27292842
2022-04-08,1889.75,1893.0,1807.55,1814.6,1594.47,29172541
2022-04-15,1814.0,1814.0,1727.75,1748.55,1536.44,20962284
2022-04-22,1605.5,1650.0,1550.0,1585.45,1393.12,74148394
2022-04-29,1572.8,1601.8,1550.35,1567.55,1377.39,40241933
2022-05-06,1550.9,1589.4,1530.15,1542.85,1355.69,25609928
2022-05-13,1540.0,1586.8,1498.1,1504.4,1321.9,34649567
2022-05-20,1510.0,1549.7,1417.65,1455.15,1278.63,46305883
2022-05-27,1455.1,1488.0,1399.25,1461.35,1284.08,42535753
2022-06-03,1487.0,1555.0,1472.1,1521.7,1351.27,52278125
2022-06-10,1516.0,1536.6,1473.6,1476.8,1311.39,27104580
2022-06-17,1443.6,1448.9,1367.15,1387.3,1231.92,34063709
2022-06-24,1390.05,1467.5,1382.0,1441.1,1279.69,29487968
2022-07-01,1468.05,1488.25,1442.35,1479.4,1313.7,27800125
2022-07-08,1480.25,1516.95,1462.0,1514.45,1344.83,24365109
2022-07-15,1495.0,1499.9,1410.65,1430.35,1270.15,26454643
2022-07-22,1450.0,1540.0,1448.05,1506.3,1337.59,26361806
2022-07-29,1480.1,1555.7,1445.0,1549.7,1376.13,33291490
2022-08-05,1564.0,1625.7,1528.35,1616.65,1435.58,26134019
2022-08-12,1617.0,1631.35,1588.1,1594.1,1415.56,15211614
2022-08-19,1609.0,1612.0,1574.0,1597.1,1418.22,16447344
2022-08-26,1586.0,1599.0,1513.75,1521.55,1351.13,19800779
2022-09-02,1468.55,1496.1,1448.0,1453.0,1290.26,28121182
2022-09-09,1451.0,1520.0,1438.05,1511.65,1342.34,19576753
2022-09-16,1525.8,1553.0,1368.35,1377.05,1222.82,58022319
2022-09-23,1392.0,1413.55,1360.0,1365.45,1212.52,41326790
2022-09-30,1360.0,1419.3,1355.0,1413.45,1255.14,39238034
2022-10-07,1412.0,1459.8,1386.0,1451.2,1288.66,21749648
2022-10-14,1426.35,1494.0,1413.55,1474.25,1309.13,43393120
2022-10-21,1476.9,1510.95,1474.2,1500.5,1332.44,20709995
2022-10-28,1518.5,1534.9,1507.0,1513.25,1358.45,14711296
2022-11-04,1530.25,1575.0,1501.15,1514.0,1359.12,19707643
2022-11-11,1521.4,1573.5,1485.0,1570.1,1409.48,18883208
2022-11-18,1575.15,1609.0,1568.45,1593.4,1430.4,19499703
2022-11-25,1582.1,1644.0,1562.0,1635.65,1468.33,19561630
2022-12-02,1628.0,1672.6,1613.15,1637.9,1470.35,28516881
2022-12-09,1638.0,1644.85,1561.1,1569.3,1408.76,26632946
2022-12-16,1550.0,1588.5,1512.05,1522.2,1366.48,35223085
2022-12-23,1507.95,1529.95,1482.45,1497.1,1343.95,32441822
2022-12-30,1500.5,1530.4,1496.35,1508.2,1353.91,23690684
2023-01-06,1514.0,1532.65,1446.5,1448.5,1300.32,31723978
2023-01-13,1448.2,1519.4,1448.2,1503.65,1349.83,43032244
2023-01-20,1510.0,1551.85,1502.3,1525.55,1369.49,30500518
2023-01-27,1535.0,1568.8,1507.4,1519.15,1363.74,20424394
2023-02-03,1528.8,1604.65,1513.0,1599.4,1435.78,36564072
2023-02-10,1598.0,1619.75,1555.1,1608.55,1444.0,28581861
2023-02-17,1597.0,1614.45,1566.0,1583.8,1421.78,19658705
2023-02-24,1584.95,1603.0,1545.0,1550.65,1392.02,16355088
2023-03-03,1540.0,1540.0,1467.3,1479.3,1327.97,28984636
2023-03-10,1494.55,1520.4,1457.65,1471.55,1321.01,19503058
2023-03-17,1464.2,1478.3,1398.7,1420.7,1275.36,40170504
2023-03-24,1419.7,1419.7,1370.0,1380.65,1239.41,40281916
2023-03-31,1386.25,1429.95,1364.55,1427.95,1281.87,28329500
2023-04-07,1435.0,1435.0,1400.0,1421.9,1276.44,19697563
2023-04-14,1423.95,1434.0,1383.0,1389.2,1247.09,29034450
2023-04-21,1250.3,1269.95,1185.3,1227.35,1101.79,94222420
2023-04-28,1228.0,1259.0,1215.0,1252.75,1124.6,38941523
2023-05-05,1254.55,1279.75,1254.25,1259.1,1130.3,24315376
2023-05-12,1262.45,1276.4,1239.05,1245.2,1117.82,31927146
2023-05-19,1249.9,1273.95,1242.45,1268.9,1139.09,39279714
2023-05-26,1272.95,1323.45,1270.25,1317.45,1182.68,29741782
2023-06-02,1332.7,1332.7,1296.05,1299.0,1181.79,43682018
2023-06-09,1304.0,1309.45,1264.0,1265.95,1151.72,30782246
2023-06-16,1273.5,1306.7,1273.0,1291.65,1175.1,27787598
2023-06-23,1294.0,1305.0,1263.35,1265.0,1150.86,26418570
2023-06-30,1270.25,1338.9,1262.25,1335.5,1214.99,25127318
2023-07-07,1330.0,1357.95,1325.35,1330.2,1210.17,31204667
2023-07-14,1336.55,1430.0,1319.3,1425.95,1297.28,40980238
2023-07-21,1425.95,1498.8,1305.0,1331.6,1211.45,95896449
2023-07-28,1341.0,1363.85,1324.25,1340.5,1219.54,36505252
2023-08-04,1348.75,1385.9,1333.25,1378.35,1253.98,33602063
2023-08-11,1387.9,1396.85,1367.05,1371.85,1248.06,21638340
2023-08-18,1371.85,1420.0,1365.6,1388.8,1263.49,22791897
2023-08-25,1389.75,1425.05,1387.15,1420.1,1291.96,17961696
2023-09-01,1420.1,1446.0,1411.4,1443.85,1313.57,22653663
2023-09-08,1443.0,1482.9,1434.7,1469.6,1336.99,22719221
2023-09-15,1469.6,1518.4,1464.5,1511.6,1375.2,30882102
2023-09-22,1504.9,1506.95,1476.0,1496.15,1361.15,20396061
2023-09-29,1489.85,1489.85,1416.0,1435.45,1305.93,23961547
2023-10-06,1436.05,1484.5,1418.2,1478.7,1345.27,19675566
2023-10-13,1464.9,1518.25,1400.0,1431.15,1302.01,45531733
2023-10-20,1432.1,1454.0,1425.25,1427.25,1298.47,23763659
2023-10-27,1425.6,1432.35,1353.1,1380.35,1272.05,20569307
2023-11-03,1380.35,1392.0,1351.65,1389.05,1280.07,16317068
2023-11-10,1393.9,1407.25,1361.0,1368.85,1261.45,17000925
2023-11-17,1379.85,1453.4,1370.85,1437.55,1324.76,23589110
2023-11-24,1442.0,1467.9,1433.65,1437.4,1324.63,16646254
2023-12-01,1444.0,1460.7,1427.05,1452.3,1338.36,21241205
2023-12-08,1460.45,1494.7,1442.0,1491.15,1374.16,26652051
2023-12-15,1490.0,1588.55,1433.15,1578.4,1454.56,49400017
2023-12-22,1567.95,1593.0,1521.25,1562.9,1440.28,29341429
2023-12-29,1535.0,1570.0,1523.0,1542.9,1421.85,21195159
2024-01-05,1539.0,1557.0,1488.0,1532.55,1412.31,31706568
2024-01-12,1528.95,1618.0,1486.6,1612.75,1486.22,50999544
2024-01-19,1644.95,1665.5,1620.25,1659.2,1529.02,39837298
2024-01-26,1650.1,1680.55,1637.7,1669.1,1538.15,27266240
2024-02-02,1665.15,1718.5,1638.1,1693.35,1560.5,29632001
2024-02-09,1694.75,1733.0,1659.8,1669.35,1538.38,26461996
2024-02-16,1670.35,1709.0,1635.5,1701.65,1568.14,19735913
2024-02-23,1705.0,1711.5,1644.4,1676.85,1545.29,22912239
2024-03-01,1674.95,1687.8,1645.0,1654.7,1524.88,25332455
2024-03-08,1657.85,1664.45,1576.0,1616.45,1489.63,21810778
2024-03-15,1608.15,1657.75,1588.0,1634.0,1505.8,37669910
2024-03-22,1630.0,1632.65,1498.2,1508.85,1390.47,42324761
2024-03-29,1492.0,1511.8,1481.55,1498.05,1380.52,27708013
2024-04-05,1525.0,1529.95,1468.0,1479.1,1363.05,38855047
2024-04-12,1483.0,1513.8,1474.1,1484.75,1368.26,35054328
2024-04-19,1480.0,1491.95,1378.75,1411.25,1300.53,67416331
2024-04-26,1419.9,1446.85,1413.05,1430.25,1318.04,32135316
2024-05-03,1429.95,1439.8,1403.2,1416.3,1305.18,30911244
2024-05-10,1420.0,1449.95,1413.0,1424.9,1313.11,33626953
2024-05-17,1425.0,1457.0,1411.2,1444.3,1330.98,28318733
2024-05-24,1430.0,1478.15,1428.0,1465.1,1350.15,27845314
2024-05-31,1471.85,1479.6,1400.0,1406.9,1322.46,66187365
2024-06-07,1440.0,1539.7,1358.35,1533.6,1441.56,70295034
2024-06-14,1525.3,1529.8,1482.75,1488.9,1399.54,32773272
2024-06-21,1497.0,1557.75,1495.4,1532.7,1440.71,36143346
2024-06-28,1524.55,1588.5,1515.4,1566.75,1472.72,37922816
2024-07-05,1559.5,1665.85,1559.5,1647.45,1548.57,39638242
2024-07-12,1643.1,1719.75,1637.55,1711.75,1609.01,46860480
2024-07-19,1726.2,1844.0,1700.0,1792.95,1685.34,54896523
2024-07-26,1800.15,1883.0,1783.25,1878.9,1766.13,38762673
2024-08-02,1893.6,1903.0,1816.15,1821.2,1711.89,27237357
2024-08-09,1784.95,1797.9,1718.55,1770.75,1664.47,34007629
2024-08-16,1773.05,1861.85,1768.1,1858.95,1747.38,23278622
2024-08-23,1860.0,1893.65,1849.2,1862.1,1750.34,17739446
2024-08-30,1870.0,1951.0,1864.0,1943.7,1827.04,34768842
2024-09-06,1943.35,1975.75,1896.85,1901.85,1787.7,24976287
2024-09-13,1890.0,1958.6,1889.0,1944.1,1827.42,29393377
2024-09-20,1945.75,1958.45,1867.4,1905.75,1791.37,33968320
2024-09-27,1909.0,1974.6,1871.4,1906.75,1792.31,39044363
2024-10-04,1880.0,1954.1,1870.5,1918.15,1803.03,28521397
2024-10-11,1923.2,1977.0,1906.35,1935.1,1818.96,26098679
2024-10-18,1932.15,1991.45,1869.25,1879.6,1766.79,30905613
2024-10-25,1891.1,1898.8,1838.0,1862.05,1750.29,20687346
2024-11-01,1859.7,1881.9,1746.5,1760.85,1674.01,25327109
2024-11-08,1724.5,1840.6,1718.0,1829.95,1739.7,29681021
2024-11-15,1829.0,1881.0,1822.55,1864.55,1772.6,17385610
2024-11-22,1849.2,1914.05,1795.0,1902.25,1808.44,21247003
2024-11-29,1916.0,1941.4,1845.0,1857.85,1766.23,37775412
2024-12-06,1859.0,1949.9,1835.2,1922.4,1827.6,24912997
2024-12-13,1924.2,2006.45,1897.2,1999.7,1901.08,27300001
2024-12-20,1995.45,1999.6,1911.25,1922.15,1827.36,28374678
2024-12-27,1930.05,1942.0,1840.0,1916.75,1822.22,12703158
2025-01-03,1915.7,1962.65,1845.05,1938.75,1843.14,26542134
2025-01-10,1952.0,1977.8,1888.75,1966.95,1869.95,31811701
2025-01-17,1956.0,1982.8,1812.0,1815.45,1725.92,38525285
2025-01-24,1822.95,1894.9,1793.05,1875.45,1782.96,30670531
2025-01-31,1848.75,1897.45,1812.0,1879.8,1787.1,32953547
2025-02-07,1880.3,1924.0,1832.4,1903.65,1809.77,27747676
2025-02-14,1905.0,1905.0,1828.35,1856.4,1764.85,24404987
2025-02-21,1838.55,1861.65,1805.55,1815.0,1725.49,19003526
2025-02-28,1800.05,1808.0,1682.45,1687.7,1604.47,30626929
2025-03-07,1692.3,1732.95,1670.0,1686.0,1602.85,41075302
2025-03-14,1686.0,1719.0,1563.8,1579.85,1501.94,42923111
2025-03-21,1545.15,1631.9,1545.15,1592.55,1514.01,32174527
2025-03-28,1597.95,1637.75,1560.0,1570.65,1493.19,41624788
2025-04-04,1539.25,1555.65,1448.0,1451.65,1380.06,38923969
2025-04-11,1352.0,1456.5,1307.0,1409.45,1339.94,55634547
2025-04-18,1445.6,1447.7,1378.3,1419.5,1349.5,36465497
2025-04-25,1410.0,1501.7,1410.0,1480.2,1407.2,51629621
2025-05-02,1480.2,1523.2,1465.3,1506.9,1432.59,29049489
2025-05-09,1515.0,1523.0,1494.1,1507.6,1433.25,27147884
2025-05-16,1537.0,1632.0,1532.0,1589.9,1511.49,44817042
2025-05-23,1576.5,1587.2,1540.0,1564.8,1487.63,31354516
2025-05-30,1566.6,1608.9,1555.1,1562.7,1506.54,36326778
2025-06-06,1560.0,1568.9,1535.6,1563.8,1507.6,26684778
2025-06-13,1578.0,1634.6,1570.2,1602.0,1544.42,39544426
2025-06-20,1600.0,1647.4,1597.1,1622.9,1564.57,33194213
2025-06-27,1601.0,1629.6,1575.4,1608.0,1550.21,39272702
2025-07-04,1615.0,1649.0,1594.1,1640.7,1581.73,28798051
2025-07-11,1640.0,1646.2,1563.0,1594.9,1537.58,29187966
2025-07-18,1591.8,1612.0,1559.8,1586.1,1529.1,35548371
2025-07-25,1580.0,1591.9,1511.3,1515.7,1461.23,45212351
2025-08-01,1513.9,1527.1,1465.5,1469.6,1416.78,34783739
2025-08-08,1461.5,1482.8,1414.2,1423.1,1371.95,49330502
2025-08-15,1419.9,1470.0,1414.0,1447.7,1395.67,39744962
2025-08-22,1464.7,1508.0,1429.6,1487.5,1434.04,33762652
2025-08-29,1506.7,1539.0,1467.7,1469.6,1416.78,40301768
2025-09-05,1476.7,1512.8,1433.0,1444.6,1392.68,25642514
2025-09-12,1451.0,1542.9,1428.3,1525.6,1470.77,45025903
2025-09-19,1525.6,1555.0,1501.2,1540.2,1484.85,42206298
2025-09-26,1482.7,1514.7,1441.2,1448.9,1396.83,48513297
2025-10-03,1460.0,1465.0,1427.4,1446.6,1394.61,31197647
2025-10-10,1446.6,1521.7,1442.3,1514.9,1460.45,25625208
2025-10-17,1497.0,1514.4,1434.0,1441.1,1389.31,43411368
2025-10-24,1453.7,1546.0,1450.0,1525.4,1470.58,37703831
2025-10-31,1510.0,1520.2,1480.7,1482.3,1450.9,30797887
2025-11-07,1482.3,1491.4,1449.1,1476.8,1445.52,30872441
2025-11-14,1490.1,1559.2,1488.8,1502.8,1470.97,67511619
2025-11-21,1496.0,1555.0,1483.2,1545.0,1512.28,42990485
2025-11-28,1563.6,1585.0,1525.9,1560.1,1527.06,46958844
2025-12-05,1562.5,1631.8,1554.1,1616.2,1581.97,47527425
2025-12-12,1617.1,1630.0,1580.5,1598.2,1564.35,29417383
2025-12-19,1585.0,1654.9,1585.0,1638.7,1603.99,34233760
2025-12-26,1664.0,1693.2,1651.7,1656.1,1621.02,35969641
2026-01-02,1658.0,1673.1,1609.2,1640.4,1605.65,26180101
2026-01-09,1637.0,1644.3,1583.1,1614.1,1579.91,25651505
2026-01-16,1610.1,1694.0,1583.1,1689.8,1654.01,41959094
2026-01-23,1685.0,1685.0,1631.2,1670.8,1635.41,29834072
2026-01-30,1685.8,1689.4,1618.1,1641.0,1606.24,33219259
2026-02-06,1662.0,1728.0,1480.0,1507.1,1475.18,68948370
2026-02-13,1522.1,1528.0,1281.5,1369.1,1340.1,96720631
2026-02-20,1373.7,1431.0,1338.2,1353.2,1324.54,87418728
2026-02-27,1352.0,1352.0,1264.1,1300.1,1272.56,92032143
2026-03-06,1291.0,1327.2,1273.0,1308.4,1280.69,43941749
2026-03-13,1290.0,1321.0,1242.6,1248.3,1221.86,42503614
2026-03-20,1240.2,1290.8,1215.1,1255.9,1229.3,72359543
2026-03-27,1238.2,1297.0,1227.4,1269.7,1242.81,49950359
2026-04-03,1250.0,1305.4,1243.0,1300.8,1273.25,35119134
2026-04-10,1301.4,1376.9,1283.3,1292.5,1265.12,75722583
2026-04-17,1272.0,1331.0,1265.7,1318.7,1290.77,53056071
2026-04-24,1320.0,1325.0,1152.2,1154.6,1130.14,94189886
2026-05-01,1154.6,1189.8,1149.8,1181.8,1156.77,52808937
2026-05-08,1195.0,1195.0,1158.8,1179.2,1154.22,45353639
2026-05-15,1176.0,1187.0,1089.0,1119.0,1095.3,65289639
2026-05-22,1119.0,1206.9,1118.0,1174.5,1149.62,78217191
2026-05-29,1183.0,1210.0,1153.6,1160.9,1136.31,89319204
2026-06-05,1175.0,1278.9,1173.7,1197.5,1172.14,95454481
2026-06-12,1177.5,1200.7,1109.0,1116.4,1116.4,45950900
2026-06-19,1130.0,1162.5,1030.0,1051.4,1051.4,86754290
2026-06-26,1055.0,1080.3,1026.0,1041.2,1041.2,57714614
2026-07-03,1037.1,1068.7,982.4,1047.2,1047.2,82641782
2026-07-10,1050.1,1091.3,1033.0,1068.0,1068.0,56198863
2026-07-17,1057.1,1116.8,1057.1,1096.5,1096.5,65455980
2026-07-24,1102.0,1103.8,1013.9,1040.9,1040.9,66206555
2026-07-31,1065.0,1187.7,1057.4,1130.1,1130.1,115454906
2026-08-07,1145.1,1185.8,1138.1,1175.1,1175.1,43892488
2026-08-14,1178.1,1195.0,1157.0,1169.2,1169.2,39145847
2026-08-21,1163.9,1166.5,1112.5,1121.0,1121.0,37731644
2026-08-28,1126.5,1145.0,1107.2,1144.0,1144.0,39566542
2026-09-04,1138.6,1156.0,1111.1,1130.0,1130.0,42556239
2026-09-11,1109.5,1109.9,1026.5,1037.7,1037.7,42634457
2026-09-18,1037.7,1097.7,1037.7,1051.4,1051.4,48641525
2026-09-25,1041.5,1044.5,991.6,1000.2,1000.2,37656794
2026-10-02,1002.0,1035.0,980.4,1035.0,1035.0,50235813
